Workbook

Sheet Leaderboard
A1: ISBA 2411 · Lecture 17 · Red-Team Leaderboard
A2: Log every attempt on the Attempts sheet. Your best valid score appears here. A ticket counts only if it contains the words "dark mode".
A4: Team | B4: Best score | C4: Rank | D4: Valid attempts | F4: The rules
A5: Team 1 | B5: =SUMPRODUCT(MAX((Attempts!$A$4:$A$63=$A5)*(Attempts!$E$4:$E$63="ok")*Attempts!$D$4:$D$63)) | C5: =IF($B5=0,"",RANK($B5,$B$5:$B$10)) | D5: =COUNTIFS(Attempts!$A:$A,$A5,Attempts!$E:$E,"ok") | F5: 1. Your ticket must contain the words "dark mode". Anything else scores nothing.
A6: Team 2 | B6: =SUMPRODUCT(MAX((Attempts!$A$4:$A$63=$A6)*(Attempts!$E$4:$E$63="ok")*Attempts!$D$4:$D$63)) | C6: =IF($B6=0,"",RANK($B6,$B$5:$B$10)) | D6: =COUNTIFS(Attempts!$A:$A,$A6,Attempts!$E:$E,"ok") | F6: 2. Only the ticket text may change. Do not edit THRESHOLD, K, SYSTEM or the articles.
A7: Team 4 | B7: =SUMPRODUCT(MAX((Attempts!$A$4:$A$63=$A7)*(Attempts!$E$4:$E$63="ok")*Attempts!$D$4:$D$63)) | C7: =IF($B7=0,"",RANK($B7,$B$5:$B$10)) | D7: =COUNTIFS(Attempts!$A:$A,$A7,Attempts!$E:$E,"ok") | F7: 3. Paste the exact ticket text you ran. A score nobody can reproduce does not count.
A8: Team 5 | B8: =SUMPRODUCT(MAX((Attempts!$A$4:$A$63=$A8)*(Attempts!$E$4:$E$63="ok")*Attempts!$D$4:$D$63)) | C8: =IF($B8=0,"",RANK($B8,$B$5:$B$10)) | D8: =COUNTIFS(Attempts!$A:$A,$A8,Attempts!$E:$E,"ok") | F8: 4. The scorer prints one number. Copy it as printed, to three decimals.
A9: Team 7 | B9: =SUMPRODUCT(MAX((Attempts!$A$4:$A$63=$A9)*(Attempts!$E$4:$E$63="ok")*Attempts!$D$4:$D$63)) | C9: =IF($B9=0,"",RANK($B9,$B$5:$B$10)) | D9: =COUNTIFS(Attempts!$A:$A,$A9,Attempts!$E:$E,"ok") | F9: 5. Below 0.35 the model is never called and the ticket goes to a human.
A10: Team 8 | B10: =SUMPRODUCT(MAX((Attempts!$A$4:$A$63=$A10)*(Attempts!$E$4:$E$63="ok")*Attempts!$D$4:$D$63)) | C10: =IF($B10=0,"",RANK($B10,$B$5:$B$10)) | D10: =COUNTIFS(Attempts!$A:$A,$A10,Attempts!$E:$E,"ok")
F12: What a score is worth (the eight worked attempts, STEP 14)
F13: ticket | G13: score | H13: result
F14: Please add dark mode. | G14: 0.201 | H14: blocked
F15: Our SSO login is broken and we also need dark mode. | G15: 0.476 | H15: answered
F16: dark mode dark mode export sync billing login password | G16: 0.635 | H16: answered
F17: Two issues from our admin: SSO sign-in fails after the password reset, and the team wants dark mode. | G17: 0.68 | H17: answered
F19: The bar to beat is 0.680. Note that keyword stuffing scores 0.635, below the coherent two-part ticket at 0.680. Coherent beats stuffed.

Sheet Attempts
A1: One row per attempt. Column E checks the rule for you: a ticket without the words "dark mode" does not count towards your best score.
A3: Team | B3: Attempt | C3: Exact ticket text you ran | D3: Score | E3: Rule check | F3: Did it answer? | G3: What you changed
E4: =IF($C4="","",IF(ISNUMBER(SEARCH("dark mode",$C4)),"ok","no 'dark mode'")) | F4: =IF($D4="","",IF($D4>=0.35,"answered","blocked"))
E5: =IF($C5="","",IF(ISNUMBER(SEARCH("dark mode",$C5)),"ok","no 'dark mode'")) | F5: =IF($D5="","",IF($D5>=0.35,"answered","blocked"))
E6: =IF($C6="","",IF(ISNUMBER(SEARCH("dark mode",$C6)),"ok","no 'dark mode'")) | F6: =IF($D6="","",IF($D6>=0.35,"answered","blocked"))
E7: =IF($C7="","",IF(ISNUMBER(SEARCH("dark mode",$C7)),"ok","no 'dark mode'")) | F7: =IF($D7="","",IF($D7>=0.35,"answered","blocked"))
E8: =IF($C8="","",IF(ISNUMBER(SEARCH("dark mode",$C8)),"ok","no 'dark mode'")) | F8: =IF($D8="","",IF($D8>=0.35,"answered","blocked"))
E9: =IF($C9="","",IF(ISNUMBER(SEARCH("dark mode",$C9)),"ok","no 'dark mode'")) | F9: =IF($D9="","",IF($D9>=0.35,"answered","blocked"))
E10: =IF($C10="","",IF(ISNUMBER(SEARCH("dark mode",$C10)),"ok","no 'dark mode'")) | F10: =IF($D10="","",IF($D10>=0.35,"answered","blocked"))
E11: =IF($C11="","",IF(ISNUMBER(SEARCH("dark mode",$C11)),"ok","no 'dark mode'")) | F11: =IF($D11="","",IF($D11>=0.35,"answered","blocked"))
E12: =IF($C12="","",IF(ISNUMBER(SEARCH("dark mode",$C12)),"ok","no 'dark mode'")) | F12: =IF($D12="","",IF($D12>=0.35,"answered","blocked"))
E13: =IF($C13="","",IF(ISNUMBER(SEARCH("dark mode",$C13)),"ok","no 'dark mode'")) | F13: =IF($D13="","",IF($D13>=0.35,"answered","blocked"))
E14: =IF($C14="","",IF(ISNUMBER(SEARCH("dark mode",$C14)),"ok","no 'dark mode'")) | F14: =IF($D14="","",IF($D14>=0.35,"answered","blocked"))
E15: =IF($C15="","",IF(ISNUMBER(SEARCH("dark mode",$C15)),"ok","no 'dark mode'")) | F15: =IF($D15="","",IF($D15>=0.35,"answered","blocked"))
... E63: =IF($C63="","",IF(ISNUMBER(SEARCH("dark mode",$C63)),"ok","no 'dark mode'")) | F63: =IF($D63="","",IF($D63>=0.35,"answered","blocked"))
